<?xml version="1.0" encoding="UTF-8"?>
<!DOCTYPE log4j:configuration PUBLIC "-//APACHE//DTD LOG4J 1.2//EN" "log4j.dtd">
<log4j:configuration xmlns:log4j="http://jakarta.apache.org/log4j/">
	<!-- ConversionPattern format specification %d inserts the date; you can 
		specify the format (%d{yyyy-MM-dd HH:mm:ss,SSS}) %t inserts the thread number 
		%-5p inserts the priority log level, 5 characters, left justified %c{1} inserts 
		the name of the class %L inserts the line number %m inserts the user message 
		%n inserts the separator (for example, a new line) -->
	<!-- Asynchronous logging with log4j -->
	<!-- The BufferSize parameter of the AsyncAppender defines the number of 
		entries that will be stored in memory to let the actual appender catch up 
		flushing them to their final destination. If this buffer fills up, the logging 
		will switch to a synchronous mode until buffer space becomes available, potentially 
		becoming a performance issue. Make sure this buffer is big enough, taking 
		into account the IO speed and number of log entries generated by your application. -->
	<!-- You can add the Blocking parameter to the AsyncAppender definition 
		in your config file, if you set it to false (the default value is true) when 
		the buffer fills up, the appender will discard log events until new buffer 
		space becomes available. This can be unacceptable in applications where logging 
		information is critical, but on the other hand can be very desirable where 
		performance is a critical factor. -->
	<appender name="ASYNC" class="org.apache.log4j.AsyncAppender">
		<param name="BufferSize" value="500" />
		<param name="LocationInfo" value="true" />
		<appender-ref ref="stdoutAppender" />
	</appender>
	<appender name="fileAppender" class="org.apache.log4j.RollingFileAppender">
		<param name="Threshold" value="ALL" />
		<param name="MaxFileSize" value="100MB" />
		<param name="MaxBackupIndex" value="20" />
		<param name="File"
			value="${catalina.base}/logs/gvp/PaymentThrottlerService.log" />
		<layout class="org.apache.log4j.PatternLayout">
			<param name="ConversionPattern" value="%d %t %-5p %c{1}:%L %m %n" />
		</layout>
	</appender>
	
	<appender name="stdoutAppender" class="org.apache.log4j.ConsoleAppender">
		<param name="Target" value="System.out" />
		<layout class="org.apache.log4j.PatternLayout">
			<param name="ConversionPattern" value="%d %t %-5p %c{1}:%L %m %n" />
		</layout>
	</appender>

	<!--sets the priority log level for org.springframework -->
	<logger name="org.springframework">
		<level value="info" />
	</logger>

	<logger name="com.bnym">
		<level value="info" />
	</logger>

	<!-- <logger name="org.hibernate.SQL">
		<level value="debug" />
	</logger> -->

	<!--sets the default priority log level -->
	<root>
		<priority value="info"></priority>
		<appender-ref ref="ASYNC" />
	</root>
</log4j:configuration>
