<beans xmlns="http://www.springframework.org/schema/beans"
	xmlns:aop="http://www.springframework.org/schema/aop" xmlns:mvc="http://www.springframework.org/schema/mvc"
	xmlns:xsi="http://www.w3.org/2001/XMLSchema-instance" xmlns:context="http://www.springframework.org/schema/context"
	xmlns:util="http://www.springframework.org/schema/util" xmlns:jms="http://www.springframework.org/schema/jms"
	xmlns:jee="http://www.springframework.org/schema/jee" xmlns:tx="http://www.springframework.org/schema/tx"
	xmlns:xjp="http://www.bnymellon.com/schema/xjp"
	xsi:schemaLocation="http://www.springframework.org/schema/mvc 
 							http://www.springframework.org/schema/mvc/spring-mvc.xsd 
 							http://www.springframework.org/schema/beans 
 							http://www.springframework.org/schema/beans/spring-beans.xsd 
 							http://www.springframework.org/schema/context 
 							http://www.springframework.org/schema/context/spring-context.xsd 
 							http://www.springframework.org/schema/jms 
 							http://www.springframework.org/schema/jms/spring-jms.xsd 
 							http://www.springframework.org/schema/util 
 							http://www.springframework.org/schema/util/spring-util.xsd
 							http://www.springframework.org/schema/jee
 							http://www.springframework.org/schema/jee/spring-jee-3.0.xsd
 							http://www.springframework.org/schema/tx
 							 http://www.springframework.org/schema/tx/spring-tx-3.0.xsd
 							 http://www.springframework.org/schema/aop http://www.springframework.org/schema/aop/spring-aop-3.0.xsd  
 							http://www.bnymellon.com/schema/xjp
							http://www.bnymellon.com/schema/xjp/beans.xsd">

	<bean id="jmsTopicConnectionFactory" class="com.ibm.mq.jms.MQTopicConnectionFactory">
		<property name="hostName">
			<value>${${subEnvironment}.queue.hostname}</value>
		</property>
		<property name="port">
			<value>${${subEnvironment}.queue.port}</value>
		</property>
		<property name="queueManager">
			<value>${${subEnvironment}.queue.manager}</value>
		</property>
		<property name="channel">
			<value>${${subEnvironment}.queue.manager.channel}</value>
		</property>
		<property name="transportType">
			<value>1</value>
		</property>
	</bean>

  
	<bean id="postMessageTopic" class="com.ibm.mq.jms.MQTopic">
		<constructor-arg value="${${subEnvironment}.queue.rtp.thrtl.calTopic}" />
	</bean>
	
	<bean id="jmsTopicTemplate" class="org.springframework.jms.core.JmsTemplate">
		<property name="connectionFactory">
			<ref bean="jmsTopicConnectionFactory" />
		</property>
		<property name="pubSubDomain">
			<value>true</value>
		</property>
		<property name="receiveTimeout" value="10" />
		<property name="sessionTransacted" value="false" />
		<property name="defaultDestination">
			<ref bean="postMessageTopic" />
		</property>
		<property name="messageConverter" ref="oxmCalcMessageConverter" />
	</bean>

	<bean id="oxmCalcMessageConverter"
		class="org.springframework.jms.support.converter.MarshallingMessageConverter">
		<property name="marshaller" ref="gcJaxb2UnMarshaller" />
		<property name="unmarshaller" ref="gcJaxb2UnMarshaller" />
	</bean>

	<bean id="gcJaxb2UnMarshaller" class="org.springframework.oxm.jaxb.Jaxb2Marshaller">
		<property name="schema" value="classpath:xsd/CalculatorTopic.xsd" />
		<property name="contextPath" value="com.bnym.rpx.throttler.service.oxm" />
	</bean>
	
</beans>