<beans xmlns="http://www.springframework.org/schema/beans"
	xmlns:aop="http://www.springframework.org/schema/aop"
	xmlns:mvc="http://www.springframework.org/schema/mvc"
	xmlns:xsi="http://www.w3.org/2001/XMLSchema-instance"
	xmlns:context="http://www.springframework.org/schema/context"
	xmlns:util="http://www.springframework.org/schema/util"
	xmlns:jms="http://www.springframework.org/schema/jms"
	xmlns:jee="http://www.springframework.org/schema/jee"
	xmlns:tx="http://www.springframework.org/schema/tx"
	xmlns:bxp="http://www.bnymellon.com/schema/bxp"
	xsi:schemaLocation="http://www.springframework.org/schema/mvc 
 							http://www.springframework.org/schema/mvc/spring-mvc.xsd 
 							http://www.springframework.org/schema/beans 
 							http://www.springframework.org/schema/beans/spring-beans.xsd 
 							http://www.springframework.org/schema/context 
 							http://www.springframework.org/schema/context/spring-context.xsd 
 							http://www.springframework.org/schema/jms 
 							http://www.springframework.org/schema/jms/spring-jms.xsd 
 							http://www.springframework.org/schema/util 
 							http://www.springframework.org/schema/util/spring-util.xsd
 							http://www.springframework.org/schema/jee
 							http://www.springframework.org/schema/jee/spring-jee-3.0.xsd
 							http://www.springframework.org/schema/tx
 							http://www.springframework.org/schema/tx/spring-tx-3.0.xsd
 							http://www.springframework.org/schema/aop http://www.springframework.org/schema/aop/spring-aop-3.0.xsd  
 							http://www.bnymellon.com/schema/bxp
							http://www.bnymellon.com/schema/bxp/beans.xsd
 							">
	<context:component-scan
		base-package="com.bnym.rpx.throttler.service" />
	<context:annotation-config />
	<mvc:default-servlet-handler />
	<mvc:annotation-driven />

	<import resource="spring-jdbc.xml" />
	<import resource="spring-jms.xml" />

	<!-- Get host name -->
	<bean id="localhost" class="java.net.InetAddress"
		factory-method="getLocalHost" />
	<bean id="hostname" factory-bean="localhost"
		factory-method="getHostName" />

	<bean id="hostIdentifier"
		class="com.bnym.rpx.throttler.service.util.HostIdentifier">
		<property name="hostname" ref="hostname" />
		<property name="region">
			<value>${subEnvironment}</value>
		</property>
	</bean>

</beans>